id;job_title;company_name;start_date;end_date;last_salary;description;created_by;created_at;updated_by;updated_at
1;Human Infrastructure Officer;Loan up;2021-07-29;2021-07-29;59697;parse;Manager Shoes infomediaries;2021-07-29;eyeballs Movies Account;2021-07-29
2;National Configuration Specialist;Ergonomic;2021-07-29;2021-07-29;39654;invoice yellow input;leverage 1080p;2021-07-29;Analyst enable Internal;2021-07-28
3;Internal Accounts Assistant;Sports Solutions transmitting;2021-07-29;2021-07-28;93545;Practical;24/365 COM;2021-07-29;card Pants Albania;2021-07-29
4;Forward Mobility Designer;Uzbekistan Rand redundant;2021-07-28;2021-07-29;74817;Facilitator Associate Books;distributed;2021-07-29;upward-trending clicks-and-mortar;2021-07-29
5;Investor Integration Coordinator;turquoise Rubber Optional;2021-07-28;2021-07-29;68890;virtual Branding Intelligent;Tuna Keyboard Afghanistan;2021-07-29;Somoni;2021-07-29
6;Regional Accounts Officer;connect Handmade Jersey;2021-07-29;2021-07-29;81249;Jewelery Platinum Village;generate bandwidth haptic;2021-07-28;Islands Music;2021-07-29
7;Direct Integration Strategist;Franc;2021-07-28;2021-07-28;3616;Web Peru;SQL plug-and-play;2021-07-28;backing THX;2021-07-29
8;Forward Data Architect;Iowa synthesizing Frozen;2021-07-28;2021-07-29;64030;Monitored;back-end synthesizing;2021-07-28;Tasty Sleek Small;2021-07-29
9;Chief Directives Engineer;Strategist;2021-07-29;2021-07-28;6626;Vermont;Fork 1080p;2021-07-28;Bacon compressing blockchains;2021-07-28
10;Principal Solutions Administrator;blockchains;2021-07-28;2021-07-29;33799;orange;Inlet Facilitator;2021-07-29;interface Rubber;2021-07-29
