id;path;filetype;resume_title;is_default;created_by;created_at;updated_by;updated_at
1;bus;DOC;Burgs XML indexing;true;teal port Virtual;2021-07-28;Virginia technologies;2021-07-29
2;navigating THX;PDF;Spring Fantastic orchid;false;SDD compressing Baby;2021-07-29;Pataca needs-based;2021-07-28
3;Ameliorated;PPT;bandwidth Intelligent Diverse;true;synergies;2021-07-29;deposit;2021-07-29
4;recontextualize;DOC;info-mediaries Branding;true;instruction alarm withdrawal;2021-07-28;Coordinator Islands project;2021-07-28
5;Fantastic Incredible;DOC;override;true;Avon;2021-07-29;white Proactive;2021-07-28
6;maximize input;PPT;invoice maximized Ergonomic;true;payment Kids vortals;2021-07-29;moratorium multi-byte;2021-07-29
7;Sweden modular system;PPT;Taka;false;USB;2021-07-29;Bulgarian Bike;2021-07-28
8;Unbranded;DOC;blockchains Sleek;false;SMTP EXE;2021-07-28;Mississippi Berkshire;2021-07-29
9;grey;DOC;architectures Exclusive workforce;true;Berkshire Granite Borders;2021-07-28;Automotive;2021-07-29
10;red Steel;PPT;Plastic Account;false;Krone orchid Ameliorated;2021-07-29;logistical innovative deposit;2021-07-29
