id;name;email;phone;description;created_by;created_at;updated_by;updated_at
1;contingency Motorway parsing;Seth.Shields@yahoo.com;51059;Handcrafted B2B;Curve primary;2021-07-28;Lead;2021-07-29
2;Virginia Niue holistic;Pauline_Monahan@gmail.com;99781;COM eyeballs;bus Shirt;2021-07-29;reintermediate integrated;2021-07-29
3;Arkansas;Otilia.Swift@yahoo.com;46871;haptic program;CSS protocol Regional;2021-07-29;Borders;2021-07-29
4;SCSI;Kayley32@yahoo.com;24307;Corporate Lesotho;Borders;2021-07-28;Director Networked;2021-07-29
5;repurpose Rubber SQL;Abdiel_Kilback@yahoo.com;97503;state;copying;2021-07-29;Michigan;2021-07-28
6;Re-contextualized holistic;Avery.Hills@yahoo.com;54575;Borders e-markets Health;cross-platform navigate;2021-07-29;vertical Tasty Senior;2021-07-28
7;Account;Roxane.Emard47@gmail.com;38803;Product XML base;Towels Frozen array;2021-07-28;orchid knowledge;2021-07-28
8;Villages;Taya_Flatley@yahoo.com;62403;content;Savings Bedfordshire Toys;2021-07-28;back-end Loan quantifying;2021-07-29
9;transition Kentucky Small;Alycia.Reilly77@hotmail.com;22418;paradigm Zealand invoice;Kids;2021-07-28;withdrawal Product;2021-07-28
10;SCSI Fresh optical;Javonte39@yahoo.com;70774;Bacon open-source;applications;2021-07-29;Borders;2021-07-28
